City,Name_1,SFHA,In_SFHA,lat,lng,Watershed,logo_url
"Bellaire, TX",6,0,No,29.647091,-95.450427,Buffalo-San Jacinto,img/gen_units.png
"Bellaire, TX",GT1,0,No,29.647091,-95.450427,Buffalo-San Jacinto,img/gen_units.png
"Bellaire, TX",GT2,0,No,29.647091,-95.450427,Buffalo-San Jacinto,img/gen_units.png
"Bellaire, TX",GT3,0,No,29.647091,-95.450427,Buffalo-San Jacinto,img/gen_units.png
"Bellaire, TX",GT4,0,No,29.647091,-95.450427,Buffalo-San Jacinto,img/gen_units.png
"Bellaire, TX",GT7,0,No,29.647091,-95.450427,Buffalo-San Jacinto,img/gen_units.png
"Bellaire, TX",IC1,0,No,29.647091,-95.450427,Buffalo-San Jacinto,img/gen_units.png
"Bellaire, TX",ST1,0,No,29.647091,-95.450427,Buffalo-San Jacinto,img/gen_units.png
"Bellaire, TX",ST2,0,No,29.647091,-95.450427,Buffalo-San Jacinto,img/gen_units.png
"Bellaire, TX",ST3,0,No,29.647091,-95.450427,Buffalo-San Jacinto,img/gen_units.png
"Bellaire, TX",ST4,0,No,29.647091,-95.450427,Buffalo-San Jacinto,img/gen_units.png
"Bellaire, TX",5,0,No,29.647091,-95.450427,Buffalo-San Jacinto,img/gen_units.png
"Southside Place, TX",GT,0,No,29.703397,-95.385491,Buffalo-San Jacinto,img/gen_units.png
"Galena Park, TX",TG2,0,No,29.70128,-95.254276,Buffalo-San Jacinto,img/gen_units.png
"Southside Place, TX",GT2,0,No,29.706535,-95.389864,Buffalo-San Jacinto,img/gen_units.png
"Southside Place, TX",GT3,0,No,29.706535,-95.389864,Buffalo-San Jacinto,img/gen_units.png
"Southside Place, TX",GT4,0,No,29.706535,-95.389864,Buffalo-San Jacinto,img/gen_units.png
"Southside Place, TX",GT5,0,No,29.706535,-95.389864,Buffalo-San Jacinto,img/gen_units.png
"Southside Place, TX",GT6,0,No,29.706535,-95.389864,Buffalo-San Jacinto,img/gen_units.png
"Southside Place, TX",GT1,0,No,29.706535,-95.389864,Buffalo-San Jacinto,img/gen_units.png
"La Porte, TX",SJS2,0,No,29.694961,-95.04087,Buffalo-San Jacinto,img/gen_units.png
"La Porte, TX",SJS1,0,No,29.694961,-95.04087,Buffalo-San Jacinto,img/gen_units.png
"Deer Park, TX",GT2,0,No,29.703041,-95.071678,Buffalo-San Jacinto,img/gen_units.png
"Deer Park, TX",GT3,0,No,29.703041,-95.071678,Buffalo-San Jacinto,img/gen_units.png
"Deer Park, TX",GT4,0,No,29.703041,-95.071678,Buffalo-San Jacinto,img/gen_units.png
"Deer Park, TX",GT1,0,No,29.703041,-95.071678,Buffalo-San Jacinto,img/gen_units.png
"Mission Bend, TX",1,0,No,29.72472,-95.639616,Buffalo-San Jacinto,img/gen_units.png
"West University Place, TX",GEN2,0,No,29.718616,-95.398913,Buffalo-San Jacinto,img/gen_units.png
"West University Place, TX",GEN1,0,No,29.718616,-95.398913,Buffalo-San Jacinto,img/gen_units.png
"Galena Park, TX",BA10,0,No,29.71682,-95.227436,Buffalo-San Jacinto,img/gen_units.png
"Galena Park, TX",BA2,0,No,29.71682,-95.227436,Buffalo-San Jacinto,img/gen_units.png
"Galena Park, TX",BA3,0,No,29.71682,-95.227436,Buffalo-San Jacinto,img/gen_units.png
"Galena Park, TX",BA4,0,No,29.71682,-95.227436,Buffalo-San Jacinto,img/gen_units.png
"Galena Park, TX",BA5,0,No,29.71682,-95.227436,Buffalo-San Jacinto,img/gen_units.png
"Galena Park, TX",BA6,0,No,29.71682,-95.227436,Buffalo-San Jacinto,img/gen_units.png
"Galena Park, TX",BA7,0,No,29.71682,-95.227436,Buffalo-San Jacinto,img/gen_units.png
"Galena Park, TX",BA8,0,No,29.71682,-95.227436,Buffalo-San Jacinto,img/gen_units.png
"Galena Park, TX",BA9,0,No,29.71682,-95.227436,Buffalo-San Jacinto,img/gen_units.png
"Galena Park, TX",GEN1,0,No,29.71682,-95.227436,Buffalo-San Jacinto,img/gen_units.png
"Galena Park, TX",PS1,0,No,29.71682,-95.227436,Buffalo-San Jacinto,img/gen_units.png
"Galena Park, TX",BA1,0,No,29.71682,-95.227436,Buffalo-San Jacinto,img/gen_units.png
"Deer Park, TX",GT1,0,No,29.713407,-95.134578,Buffalo-San Jacinto,img/gen_units.png
"Deer Park, TX",GT2,0,No,29.713407,-95.134578,Buffalo-San Jacinto,img/gen_units.png
"Deer Park, TX",CC1,0,No,29.713407,-95.134578,Buffalo-San Jacinto,img/gen_units.png
"Pasadena, TX",GEN1,0,No,29.715773,-95.189106,Buffalo-San Jacinto,img/gen_units.png
"Pasadena, TX",ATB2,0,No,29.716161,-95.195051,Buffalo-San Jacinto,img/gen_units.png
"Pasadena, TX",ATB1,0,No,29.716161,-95.195051,Buffalo-San Jacinto,img/gen_units.png
"Galena Park, TX",GEN2,0,No,29.719548,-95.271273,Buffalo-San Jacinto,img/gen_units.png
"Galena Park, TX",GEN1,0,No,29.719548,-95.271273,Buffalo-San Jacinto,img/gen_units.png
"Galena Park, TX",GT,0,No,29.719073,-95.231904,Buffalo-San Jacinto,img/gen_units.png
"Galena Park, TX",CC,0,No,29.719073,-95.231904,Buffalo-San Jacinto,img/gen_units.png
"Deer Park, TX",CG1,0,No,29.716597,-95.087129,Buffalo-San Jacinto,img/gen_units.png
"Galena Park, TX",GEN2,0,No,29.723167,-95.254855,Buffalo-San Jacinto,img/gen_units.png
"Galena Park, TX",GEN1,0,No,29.723167,-95.254855,Buffalo-San Jacinto,img/gen_units.png
"Galena Park, TX",2,0,No,29.723528,-95.226644,Buffalo-San Jacinto,img/gen_units.png
"Galena Park, TX",3,0,No,29.723528,-95.226644,Buffalo-San Jacinto,img/gen_units.png
"Galena Park, TX",4,0,No,29.723528,-95.226644,Buffalo-San Jacinto,img/gen_units.png
"Galena Park, TX",5,0,No,29.723528,-95.226644,Buffalo-San Jacinto,img/gen_units.png
"Galena Park, TX",6,0,No,29.723528,-95.226644,Buffalo-San Jacinto,img/gen_units.png
"Galena Park, TX",7,0,No,29.723528,-95.226644,Buffalo-San Jacinto,img/gen_units.png
"Galena Park, TX",1,0,No,29.723528,-95.226644,Buffalo-San Jacinto,img/gen_units.png
"Pasadena, TX",CC2,0,No,29.724976,-95.176833,Buffalo-San Jacinto,img/gen_units.png
"Pasadena, TX",CC1,0,No,29.724976,-95.176833,Buffalo-San Jacinto,img/gen_units.png
"Deer Park, TX",GEN2,0,No,29.723316,-95.128871,Buffalo-San Jacinto,img/gen_units.png
"Deer Park, TX",GEN3,0,No,29.723316,-95.128871,Buffalo-San Jacinto,img/gen_units.png
"Deer Park, TX",GEN4,0,No,29.723316,-95.128871,Buffalo-San Jacinto,img/gen_units.png
"Deer Park, TX",GEN5,0,No,29.723316,-95.128871,Buffalo-San Jacinto,img/gen_units.png
"Deer Park, TX",GEN1,0,No,29.723316,-95.128871,Buffalo-San Jacinto,img/gen_units.png
"Deer Park, TX",GEN1,0,No,29.727324,-95.105214,Buffalo-San Jacinto,img/gen_units.png
"Deer Park, TX",GEN2,0,No,29.727324,-95.105214,Buffalo-San Jacinto,img/gen_units.png
"Deer Park, TX",GEN3,0,No,29.727324,-95.105214,Buffalo-San Jacinto,img/gen_units.png
"Deer Park, TX",CC,0,No,29.727324,-95.105214,Buffalo-San Jacinto,img/gen_units.png
"Deer Park, TX",4,0,No,29.726958,-95.060022,Buffalo-San Jacinto,img/gen_units.png
"Deer Park, TX",CC,0,No,29.726958,-95.060022,Buffalo-San Jacinto,img/gen_units.png
"Deer Park, TX",GT1,0,No,29.726958,-95.060022,Buffalo-San Jacinto,img/gen_units.png
"Deer Park, TX",GT2,0,No,29.726958,-95.060022,Buffalo-San Jacinto,img/gen_units.png
"Deer Park, TX",ST1,0,No,29.726958,-95.060022,Buffalo-San Jacinto,img/gen_units.png
"Deer Park, TX",ST2,0,No,29.726958,-95.060022,Buffalo-San Jacinto,img/gen_units.png
"Deer Park, TX",3,0,No,29.726958,-95.060022,Buffalo-San Jacinto,img/gen_units.png
"Deer Park, TX",CT1,0,No,29.728708,-95.087326,Buffalo-San Jacinto,img/gen_units.png
"Deer Park, TX",CT2,0,No,29.728708,-95.087326,Buffalo-San Jacinto,img/gen_units.png
"Deer Park, TX",GT1,0,No,29.728708,-95.087326,Buffalo-San Jacinto,img/gen_units.png
"Deer Park, TX",CC,0,No,29.728708,-95.087326,Buffalo-San Jacinto,img/gen_units.png
"Baytown, TX",GT36,0,No,29.742487,-95.003693,Buffalo-San Jacinto,img/gen_units.png
"Baytown, TX",GT37,0,No,29.742487,-95.003693,Buffalo-San Jacinto,img/gen_units.png
"Baytown, TX",GT38,0,No,29.742487,-95.003693,Buffalo-San Jacinto,img/gen_units.png
"Baytown, TX",GT41,0,No,29.742487,-95.003693,Buffalo-San Jacinto,img/gen_units.png
"Baytown, TX",GT42,0,No,29.742487,-95.003693,Buffalo-San Jacinto,img/gen_units.png
"Baytown, TX",GT43,0,No,29.742487,-95.003693,Buffalo-San Jacinto,img/gen_units.png
"Baytown, TX",GT44,0,No,29.742487,-95.003693,Buffalo-San Jacinto,img/gen_units.png
"Baytown, TX",GT45,0,No,29.742487,-95.003693,Buffalo-San Jacinto,img/gen_units.png
"Baytown, TX",ST33,0,No,29.742487,-95.003693,Buffalo-San Jacinto,img/gen_units.png
"Baytown, TX",ST34,0,No,29.742487,-95.003693,Buffalo-San Jacinto,img/gen_units.png
"Baytown, TX",GT35,0,No,29.742487,-95.003693,Buffalo-San Jacinto,img/gen_units.png
"Coady, TX",GEN2,0,No,29.754541,-95.014467,Buffalo-San Jacinto,img/gen_units.png
"Coady, TX",GEN3,0,No,29.754541,-95.014467,Buffalo-San Jacinto,img/gen_units.png
"Coady, TX",GEN4,0,No,29.754541,-95.014467,Buffalo-San Jacinto,img/gen_units.png
"Coady, TX",GT,0,No,29.754541,-95.014467,Buffalo-San Jacinto,img/gen_units.png
"Coady, TX",GEN1,0,No,29.754541,-95.014467,Buffalo-San Jacinto,img/gen_units.png
"Addicks, TX",GT,0,No,29.782266,-95.636489,Buffalo-San Jacinto,img/gen_units.png
"Jacinto City, TX",UNT2,0,No,29.811058,-95.254256,Buffalo-San Jacinto,img/gen_units.png
"Jacinto City, TX",UNT3,0,No,29.811058,-95.254256,Buffalo-San Jacinto,img/gen_units.png
"Jacinto City, TX",UNT4,0,No,29.811058,-95.254256,Buffalo-San Jacinto,img/gen_units.png
"Jacinto City, TX",UNT1,0,No,29.811058,-95.254256,Buffalo-San Jacinto,img/gen_units.png
"Channelview, TX",GEN1,0,No,29.815689,-95.109318,Buffalo-San Jacinto,img/gen_units.png
"Channelview, TX",GEN2,0,No,29.815689,-95.109318,Buffalo-San Jacinto,img/gen_units.png
"Channelview, TX",GEN3,0,No,29.815689,-95.109318,Buffalo-San Jacinto,img/gen_units.png
"Channelview, TX",GEN4,0,No,29.815689,-95.109318,Buffalo-San Jacinto,img/gen_units.png
"Channelview, TX",CC,0,No,29.815689,-95.109318,Buffalo-San Jacinto,img/gen_units.png
"Beaumont Place, TX",2,0,No,29.821578,-95.219303,Buffalo-San Jacinto,img/gen_units.png
"Beaumont Place, TX",3,0,No,29.821578,-95.219303,Buffalo-San Jacinto,img/gen_units.png
"Beaumont Place, TX",4,0,No,29.821578,-95.219303,Buffalo-San Jacinto,img/gen_units.png
"Beaumont Place, TX",5,0,No,29.821578,-95.219303,Buffalo-San Jacinto,img/gen_units.png
"Beaumont Place, TX",73,0,No,29.821578,-95.219303,Buffalo-San Jacinto,img/gen_units.png
"Beaumont Place, TX",74,0,No,29.821578,-95.219303,Buffalo-San Jacinto,img/gen_units.png
"Beaumont Place, TX",81,0,No,29.821578,-95.219303,Buffalo-San Jacinto,img/gen_units.png
"Beaumont Place, TX",82,0,No,29.821578,-95.219303,Buffalo-San Jacinto,img/gen_units.png
"Beaumont Place, TX",83,0,No,29.821578,-95.219303,Buffalo-San Jacinto,img/gen_units.png
"Beaumont Place, TX",84,0,No,29.821578,-95.219303,Buffalo-San Jacinto,img/gen_units.png
"Beaumont Place, TX",1,0,No,29.821578,-95.219303,Buffalo-San Jacinto,img/gen_units.png
"Houmont Park, TX",1,0,No,29.822461,-95.241104,Buffalo-San Jacinto,img/gen_units.png
"Sheldon, TX",GT4,0,No,29.836933,-95.121405,Buffalo-San Jacinto,img/gen_units.png
"Sheldon, TX",CC,0,No,29.836933,-95.121405,Buffalo-San Jacinto,img/gen_units.png
"Magnolia Gardens, TX",TG3,0,No,29.883155,-95.108614,Buffalo-San Jacinto,img/gen_units.png
"Magnolia Gardens, TX",TG4,0,No,29.883155,-95.108614,Buffalo-San Jacinto,img/gen_units.png
"Magnolia Gardens, TX",TG1,0,No,29.883155,-95.108614,Buffalo-San Jacinto,img/gen_units.png
"Houmont Park, TX",CC2,0,No,29.908718,-95.227706,Buffalo-San Jacinto,img/gen_units.png
"Houmont Park, TX",CC3,0,No,29.908718,-95.227706,Buffalo-San Jacinto,img/gen_units.png
"Houmont Park, TX",CC4,0,No,29.908718,-95.227706,Buffalo-San Jacinto,img/gen_units.png
"Houmont Park, TX",CC1,0,No,29.908718,-95.227706,Buffalo-San Jacinto,img/gen_units.png
"North Houston, TX",2,0,No,29.941505,-95.533466,Buffalo-San Jacinto,img/gen_units.png
"North Houston, TX",31,0,No,29.941505,-95.533466,Buffalo-San Jacinto,img/gen_units.png
"North Houston, TX",32,0,No,29.941505,-95.533466,Buffalo-San Jacinto,img/gen_units.png
"North Houston, TX",33,0,No,29.941505,-95.533466,Buffalo-San Jacinto,img/gen_units.png
"North Houston, TX",34,0,No,29.941505,-95.533466,Buffalo-San Jacinto,img/gen_units.png
"North Houston, TX",41,0,No,29.941505,-95.533466,Buffalo-San Jacinto,img/gen_units.png
"North Houston, TX",42,0,No,29.941505,-95.533466,Buffalo-San Jacinto,img/gen_units.png
"North Houston, TX",51,0,No,29.941505,-95.533466,Buffalo-San Jacinto,img/gen_units.png
"North Houston, TX",52,0,No,29.941505,-95.533466,Buffalo-San Jacinto,img/gen_units.png
"North Houston, TX",53,0,No,29.941505,-95.533466,Buffalo-San Jacinto,img/gen_units.png
"North Houston, TX",54,0,No,29.941505,-95.533466,Buffalo-San Jacinto,img/gen_units.png
"North Houston, TX",55,0,No,29.941505,-95.533466,Buffalo-San Jacinto,img/gen_units.png
"North Houston, TX",56,0,No,29.941505,-95.533466,Buffalo-San Jacinto,img/gen_units.png
"North Houston, TX",CC3,0,No,29.941505,-95.533466,Buffalo-San Jacinto,img/gen_units.png
"North Houston, TX",CC4,0,No,29.941505,-95.533466,Buffalo-San Jacinto,img/gen_units.png
"North Houston, TX",G1,0,No,29.941505,-95.533466,Buffalo-San Jacinto,img/gen_units.png
"North Houston, TX",1,0,No,29.941505,-95.533466,Buffalo-San Jacinto,img/gen_units.png
"North Houston, TX",PV1,0,No,29.942243,-95.542037,Buffalo-San Jacinto,img/gen_units.png
"Humble, TX",GEN2,0,No,29.952377,-95.242717,Buffalo-San Jacinto,img/gen_units.png
"Humble, TX",GEN3,0,No,29.952377,-95.242717,Buffalo-San Jacinto,img/gen_units.png
"Humble, TX",GEN4,0,No,29.952377,-95.242717,Buffalo-San Jacinto,img/gen_units.png
"Humble, TX",GEN5,0,No,29.952377,-95.242717,Buffalo-San Jacinto,img/gen_units.png
"Humble, TX",GEN6,0,No,29.952377,-95.242717,Buffalo-San Jacinto,img/gen_units.png
"Humble, TX",GEN1,0,No,29.952377,-95.242717,Buffalo-San Jacinto,img/gen_units.png
